CREATE DATABASE FlowerMangement 
GO 
USE FlowerMangement
GO

--Tạo bảng Customer 
	CREATE TABLE Customers (
		customer_ID int NOT NULL PRIMARY KEY,
		customer_Name Nvarchar(250) NOT NULL,
	);

--Tạo bảng Order
	CREATE TABLE Orders (
		order_ID int NOT NULL PRIMARY KEY,
		customer_Name Nvarchar(250) NOT NULL,
		customer_ID int NOT NULL,
		order_Day date NOT NULL,
		total_Amount float NOT NULL,
		FOREIGN KEY (customer_ID) REFERENCES Customers (customer_ID),
	);

--Tạo bảng Product
	CREATE TABLE Products (
		product_ID int NOT NULL PRIMARY KEY,
		product_Name Nvarchar(250) NOT NULL,
		product_Price float NOT NULL,
		product_Stock int NOT NULL,
	 );

-- Tạo bảng OrderDetail
	CREATE TABLE OrderDetails (
		order_ID int,
		product_ID int NOT NULL,
		quantity int NOT NULL,
		totalAmount float NOT NULL,
		PRIMARY KEY (order_ID, product_ID),
		FOREIGN KEY (order_ID) REFERENCES Orders(order_ID),
		FOREIGN KEY (product_ID) REFERENCES Products(product_ID)
	);

-- Thêm 50 dữ liệu bảng Customer
INSERT INTO Customers (customer_ID, customer_Name) 
VALUES 
(1, N'Nguyễn Ngọc Bảo Trân'),
(2, N'Nguyễn Văn An'),
(3, N'Trần Thị Lan'),
(4, N'Lê Quỳnh Mai'),
(5, N'Phạm Minh Tuấn'),
(6, N'Hồ Minh Tâm'),
(7, N'Ngô Hải Anh'),
(8, N'Vũ Thanh Hương'),
(9, N'Đoàn Quang Vũ'),
(10, N'Bùi Minh Tuấn'),
(11, N'Trần Thị Lan Anh'),
(12, N'Nguyễn Thị Thu Hà'),
(13, N'Phạm Duy Khoa'),
(14, N'Nguyễn Hoàng Huy'),
(15, N'Lê Quốc Thiện'),
(16, N'Hồ Tường Vi'),
(17, N'Nguyễn Thái Tường Vy'),
(18, N'Vũ Hoàng Long'),
(19, N'Trần Hải Đăng'),
(20, N'Bùi Thanh Trúc'),
(21, N'Nguyễn Đình Phúc'),
(22, N'Lê Thị Như Quỳnh'),
(23, N'Phan Hoàng Giang'),
(24, N'Nguyễn Thanh Hà'),
(25, N'Trần Minh Tuệ'),
(26, N'Vũ Thị Hồng Tâm'),
(27, N'Nguyễn Thị Hồng Nhung'),
(28, N'Đặng Thị Minh Châu'),
(29, N'Bùi Đăng Khoa'),
(30, N'Nguyễn Quỳnh Trang'),
(31, N'Trần Hoài Nam'),
(32, N'Ngô Thị Hồng Loan'),
(33, N'Vũ Minh Anh'),
(34, N'Nguyễn Thị Lan Anh'),
(35, N'Lê Thanh Tiên'),
(36, N'Phạm Thị Kim Ngân'),
(37, N'Nguyễn Thị Mai Chi'),
(38, N'Bùi Thị Lan Anh'),
(39, N'Trần Đình Mạnh'),
(40, N'Nguyễn Minh Hùng'),
(41, N'Lê Thị Ngọc Hân'),
(42, N'Phạm Minh Tín'),
(43, N'Nguyễn Thị Bảo Trân'),
(44, N'Vũ Duy Hoàng'),
(45, N'Trần Quang Huy'),
(46, N'Nguyễn Hữu Long'),
(47, N'Phan Thị Thanh Tâm'),
(48, N'Nguyễn Thiên An'),
(49, N'Vũ Tiến Dũng'),
(50, N'Bùi Hồng Hạnh');
-- Thêm 50 dữ liệu bảng Product
INSERT INTO Products (product_ID, product_Name, product_Price, product_Stock)
VALUES 
(1, N'Hoa hồng đỏ', 150000, 100),
(2, N'Hoa lan', 200000, 150),
(3, N'Hoa cúc', 80000, 200),
(4, N'Hoa ly', 120000, 120),
(5, N'Hoa tulip', 250000, 80),
(6, N'Hoa cẩm chướng', 90000, 300),
(7, N'Hoa nhài', 50000, 500),
(8, N'Hoa mai', 180000, 70),
(9, N'Hoa sen', 220000, 60),
(10, N'Hoa hướng dương', 95000, 400),
(11, N'Hoa thuỷ tiên', 110000, 150),
(12, N'Hoa mẫu đơn', 130000, 250),
(13, N'Hoa hồng phấn', 170000, 90),
(14, N'Hoa cẩm tú cầu', 160000, 100),
(15, N'Hoa violet', 55000, 350),
(16, N'Hoa bách hợp', 140000, 130),
(17, N'Hoa lily trắng', 200000, 80),
(18, N'Hoa cúc vạn thọ', 60000, 400),
(19, N'Hoa phượng', 180000, 200),
(20, N'Hoa hoàng lan', 210000, 90),
(21, N'Hoa hồng cam', 160000, 110),
(22, N'Hoa lan hồ điệp', 230000, 50),
(23, N'Hoa dã quỳ', 120000, 120),
(24, N'Hoa cẩm chướng đỏ', 95000, 300),
(25, N'Hoa nhài trắng', 45000, 500),
(26, N'Hoa mẫu đơn đỏ', 140000, 100),
(27, N'Hoa bông tuyết', 75000, 180),
(28, N'Hoa cúc đỏ', 80000, 250),
(29, N'Hoa lan tím', 190000, 60),
(30, N'Hoa chanh leo', 80000, 450),
(31, N'Hoa ngọc lan', 110000, 120),
(32, N'Hoa kiều mạch', 130000, 100),
(33, N'Hoa lạc tiên', 70000, 500),
(34, N'Hoa phù dung', 90000, 300),
(35, N'Hoa tam giác mạch', 100000, 400),
(36, N'Hoa nhài thơm', 50000, 600),
(37, N'Hoa hải đường', 150000, 150),
(38, N'Hoa bướm', 85000, 350),
(39, N'Hoa phượng tím', 190000, 80),
(40, N'Hoa nhung', 65000, 250),
(41, N'Hoa mộc lan', 120000, 130),
(42, N'Hoa bình bát', 95000, 220),
(43, N'Hoa mận', 130000, 200),
(44, N'Hoa đỗ quyên', 170000, 90),
(45, N'Hoa thược dược', 150000, 110),
(46, N'Hoa cúc ngọc', 70000, 150),
(47, N'Hoa hải quỳ', 85000, 170),
(48, N'Hoa sói', 100000, 100),
(49, N'Hoa bạch hồng', 120000, 80),
(50, N'Hoa phong lan', 250000, 50);
-- Thêm 50 dữ liệu bảng Order
INSERT INTO Orders (order_ID, customer_Name, customer_ID, order_Day, total_Amount)
VALUES 
(1, N'Nguyễn Ngọc Bảo Trân', 1, '2025-04-01', 1000000),
(2, N'Nguyễn Văn An', 2, '2025-04-02', 500000),
(3, N'Trần Thị Lan', 3, '2025-04-03', 750000),
(4, N'Lê Quỳnh Mai', 4, '2025-04-04', 1200000),
(5, N'Phạm Minh Tuấn', 5, '2025-04-05', 450000),
(6, N'Hồ Minh Tâm', 6, '2025-04-06', 600000),
(7, N'Ngô Hải Anh', 7, '2025-04-07', 300000),
(8, N'Vũ Thanh Hương', 8, '2025-04-08', 800000),
(9, N'Đoàn Quang Vũ', 9, '2025-04-09', 1500000),
(10, N'Bùi Minh Tuấn', 10, '2025-04-10', 2000000),
(11, N'Trần Thị Lan Anh', 11, '2025-04-11', 900000),
(12, N'Nguyễn Thị Thu Hà', 12, '2025-04-12', 400000),
(13, N'Phạm Duy Khoa', 13, '2025-04-13', 1100000),
(14, N'Nguyễn Hoàng Huy', 14, '2025-04-14', 1300000),
(15, N'Lê Quốc Thiện', 15, '2025-04-15', 750000),
(16, N'Hồ Tường Vi', 16, '2025-04-16', 600000),
(17, N'Nguyễn Thái Tường Vy', 17, '2025-04-17', 850000),
(18, N'Vũ Hoàng Long', 18, '2025-04-18', 1000000),
(19, N'Trần Hải Đăng', 19, '2025-04-19', 950000),
(20, N'Bùi Thanh Trúc', 20, '2025-04-20', 1200000),
(21, N'Nguyễn Đình Phúc', 21, '2025-04-21', 550000),
(22, N'Lê Thị Như Quỳnh', 22, '2025-04-22', 650000),
(23, N'Phan Hoàng Giang', 23, '2025-04-23', 500000),
(24, N'Nguyễn Thanh Hà', 24, '2025-04-24', 700000),
(25, N'Trần Minh Tuệ', 25, '2025-04-25', 900000),
(26, N'Vũ Thị Hồng Tâm', 26, '2025-04-26', 550000),
(27, N'Nguyễn Thị Hồng Nhung', 27, '2025-04-27', 750000),
(28, N'Đặng Thị Minh Châu', 28, '2025-04-28', 1000000),
(29, N'Bùi Đăng Khoa', 29, '2025-04-29', 600000),
(30, N'Nguyễn Quỳnh Trang', 30, '2025-04-30', 1100000),
(31, N'Trần Hoài Nam', 31, '2025-05-01', 1200000),
(32, N'Ngô Thị Hồng Loan', 32, '2025-05-02', 1300000),
(33, N'Vũ Minh Anh', 33, '2025-05-03', 800000),
(34, N'Nguyễn Thị Lan Anh', 34, '2025-05-04', 900000),
(35, N'Lê Thanh Tiên', 35, '2025-05-05', 600000),
(36, N'Phạm Thị Kim Ngân', 36, '2025-05-06', 1100000),
(37, N'Nguyễn Thị Mai Chi', 37, '2025-05-07', 950000),
(38, N'Bùi Thị Lan Anh', 38, '2025-05-08', 1200000),
(39, N'Trần Đình Mạnh', 39, '2025-05-09', 800000),
(40, N'Nguyễn Minh Hùng', 40, '2025-05-10', 700000),
(41, N'Lê Thị Ngọc Hân', 41, '2025-05-11', 600000),
(42, N'Phạm Minh Tín', 42, '2025-05-12', 550000),
(43, N'Nguyễn Thị Bảo Trân', 43, '2025-05-13', 950000),
(44, N'Vũ Duy Hoàng', 44, '2025-05-14', 1100000),
(45, N'Trần Quang Huy', 45, '2025-05-15', 700000),
(46, N'Nguyễn Hữu Long', 46, '2025-05-16', 1300000),
(47, N'Phan Thị Thanh Tâm', 47, '2025-05-17', 800000),
(48, N'Nguyễn Thiên An', 48, '2025-05-18', 600000),
(49, N'Vũ Tiến Dũng', 49, '2025-05-19', 1000000),
(50, N'Bùi Hồng Hạnh', 50, '2025-05-20', 1200000);

--Thêm 50 dữ liệu bảng OrderDetail
INSERT INTO OrderDetails (order_ID, product_ID, quantity, totalAmount)
VALUES 
(1, 1, 2, 300000),
(1, 2, 3, 600000),
(1, 3, 1, 80000),
(2, 4, 1, 120000),
(2, 5, 2, 500000),
(3, 6, 3, 270000),
(3, 7, 2, 100000),
(4, 8, 1, 180000),
(4, 9, 1, 220000),
(5, 10, 2, 190000),
(5, 11, 1, 110000),
(6, 12, 2, 260000),
(6, 13, 3, 510000),
(7, 14, 1, 160000),
(7, 15, 2, 110000),
(8, 16, 3, 420000),
(8, 17, 2, 400000),
(9, 18, 5, 300000),
(9, 19, 1, 180000),
(10, 20, 3, 630000),
(10, 21, 2, 320000),
(11, 22, 1, 230000),
(11, 23, 2, 240000),
(12, 24, 3, 285000),
(12, 25, 2, 90000),
(13, 26, 1, 140000),
(13, 27, 3, 225000),
(14, 28, 1, 100000),
(14, 29, 2, 160000),
(15, 30, 4, 320000),
(15, 31, 1, 110000),
(16, 32, 2, 260000),
(16, 33, 3, 210000),
(17, 34, 2, 180000),
(17, 35, 1, 60000),
(18, 36, 3, 300000),
(18, 37, 2, 190000),
(19, 38, 1, 85000),
(19, 39, 2, 380000),
(20, 40, 2, 130000),
(20, 41, 2, 240000),
(21, 42, 3, 255000),
(21, 43, 2, 260000),
(22, 44, 1, 170000),
(22, 45, 2, 300000),
(23, 46, 2, 140000),
(23, 47, 1, 85000),
(24, 48, 3, 150000),
(24, 49, 2, 240000),
(25, 50, 1, 250000),
(25, 1, 2, 300000),
(26, 2, 3, 600000),
(26, 3, 1, 80000),
(27, 4, 1, 120000),
(27, 5, 2, 500000),
(28, 6, 3, 270000),
(28, 7, 2, 100000),
(29, 8, 1, 180000),
(29, 9, 1, 220000),
(30, 10, 2, 190000);

